,val
a4e1c55a9_0,-0.028130483
a4e1c55a9_1,0.009470489
a4e1c55a9_2,-0.04570476
a4e1c55a9_3,-0.06188377
a4e1c55a9_4,-0.036713254
a4e1c55a9_5,0.023895858
a4e1c55a9_6,0.043280035
a4e1c55a9_7,0.065231085
a4e1c55a9_8,0.00014120713
a4e1c55a9_9,0.055303812
a4e1c55a9_10,0.06489389
a4e1c55a9_11,0.025121579
a4e1c55a9_12,0.039827265
a4e1c55a9_13,0.049992703
a4e1c55a9_14,0.0202607
a4e1c55a9_15,0.051734403
a4e1c55a9_16,-0.019334706
a4e1c55a9_17,-0.039920576
a4e1c55a9_18,0.005509336
a4e1c55a9_19,0.050184883
a4e1c55a9_20,0.03485325
a4e1c55a9_21,-0.03552964
a4e1c55a9_22,0.015806999
a4e1c55a9_23,-0.02607698
a4e1c55a9_24,0.010323014
a4e1c55a9_25,0.052877147
a4e1c55a9_26,0.0932947
a4e1c55a9_27,-0.025400834
a4e1c55a9_28,0.017519
a4e1c55a9_29,-0.06278012
a4e1c55a9_30,-0.052346267
a4e1c55a9_31,-0.051158592
a4e1c55a9_32,-0.038943112
a4e1c55a9_33,-0.00197394
a4e1c55a9_34,0.05080529
a4e1c55a9_35,0.0071425866
a4e1c55a9_36,-0.039084855
a4e1c55a9_37,0.07062662
a4e1c55a9_38,-0.016485352
a4e1c55a9_39,0.0013025642
a4e1c55a9_40,-0.036498114
a4e1c55a9_41,-0.020200118
a4e1c55a9_42,0.0639354
a4e1c55a9_43,-0.025100825
a4e1c55a9_44,0.011837052
a4e1c55a9_45,0.11789031
a4e1c55a9_46,-0.032079834
a4e1c55a9_47,0.0012710639
a4e1c55a9_48,0.051741816
a4e1c55a9_49,0.01873908
a4e1c55a9_50,-0.07004594
a4e1c55a9_51,-0.05170731
a4e1c55a9_52,-0.0014492553
a4e1c55a9_53,-0.07995131
a4e1c55a9_54,0.015592234
a4e1c55a9_55,0.019816916
a4e1c55a9_56,0.06260354
a4e1c55a9_57,-0.020255174
a4e1c55a9_58,0.0034660804
a4e1c55a9_59,-0.08360146
a4e1c55a9_60,0.014624298
a4e1c55a9_61,0.019496724
a4e1c55a9_62,0.02429513
a4e1c55a9_63,0.027192825
a4e1c55a9_64,-0.028064763
a4e1c55a9_65,-0.03875698
a4e1c55a9_66,-0.039241657
a4e1c55a9_67,-0.07698794
a4e1c55a9_68,0.008269108
a4e1c55a9_69,-0.049058523
a4e1c55a9_70,0.024951845
a4e1c55a9_71,-0.017181205
a4e1c55a9_72,0.01985135
a4e1c55a9_73,-0.009714934
a4e1c55a9_74,0.022863798
a4e1c55a9_75,-0.08426665
a4e1c55a9_76,0.0036232779
a4e1c55a9_77,-0.010578305
a4e1c55a9_78,-0.013160795
a4e1c55a9_79,-0.030076185
a4e1c55a9_80,0.04865889
a4e1c55a9_81,0.008735856
a4e1c55a9_82,-0.07352628
a4e1c55a9_83,0.125923
a4e1c55a9_84,-0.0614215
a4e1c55a9_85,0.06437013
a4e1c55a9_86,-0.0017138454
a4e1c55a9_87,0.01620953
a4e1c55a9_88,0.023834635
a4e1c55a9_89,0.07180327
a4e1c55a9_90,0.030323848
a4e1c55a9_91,0.026199536
a4e1c55a9_92,-0.039751366
a4e1c55a9_93,-0.039549492
a4e1c55a9_94,-0.04852985
a4e1c55a9_95,-0.0031786137
a4e1c55a9_96,0.022984859
a4e1c55a9_97,-0.044639602
a4e1c55a9_98,-0.063930854
a4e1c55a9_99,0.036517482
a4e1c55a9_100,0.06439392
a4e1c55a9_101,-0.033198282
a4e1c55a9_102,0.0063576656
a4e1c55a9_103,-0.0060935416
a4e1c55a9_104,0.0019036634
a4e1c55a9_105,-0.01816662
a4e1c55a9_106,-0.007272889
a4e1c55a9_107,-0.050989345
a4e1c55a9_108,0.016918866
a4e1c55a9_109,-0.039556373
a4e1c55a9_110,-0.028216248
a4e1c55a9_111,-0.101061925
a4e1c55a9_112,-0.025599461
a4e1c55a9_113,0.091961056
a4e1c55a9_114,0.03277614
a4e1c55a9_115,-0.04707773
a4e1c55a9_116,0.0139263915
a4e1c55a9_117,-0.004138591
a4e1c55a9_118,-0.02892724
a4e1c55a9_119,0.005777595
a4e1c55a9_120,0.08605516
a4e1c55a9_121,-0.041109428
a4e1c55a9_122,-0.0051094033
a4e1c55a9_123,0.035774224
a4e1c55a9_124,0.026043639
a4e1c55a9_125,-0.030938253
a4e1c55a9_126,-0.00099411
a4e1c55a9_127,-7.233282e-33
a4e1c55a9_128,0.049879525
a4e1c55a9_129,0.03167003
a4e1c55a9_130,0.0017143544
a4e1c55a9_131,0.021305226
a4e1c55a9_132,-0.012830603
a4e1c55a9_133,0.05785217
a4e1c55a9_134,0.05266688
a4e1c55a9_135,0.045447487
a4e1c55a9_136,-0.019148525
a4e1c55a9_137,-0.006095149
a4e1c55a9_138,-0.0355322
a4e1c55a9_139,-0.0634557
a4e1c55a9_140,-0.024902977
a4e1c55a9_141,0.13348982
a4e1c55a9_142,-0.012424592
a4e1c55a9_143,-0.057159714
a4e1c55a9_144,0.09069139
a4e1c55a9_145,9.0962276e-05
a4e1c55a9_146,-0.022429777
a4e1c55a9_147,0.079702035
a4e1c55a9_148,0.0063358434
a4e1c55a9_149,0.043618076
a4e1c55a9_150,0.0359376
a4e1c55a9_151,-0.029031694
a4e1c55a9_152,0.005155033
a4e1c55a9_153,0.041737348
a4e1c55a9_154,-0.05071099
a4e1c55a9_155,0.018948827
a4e1c55a9_156,0.022009524
a4e1c55a9_157,-0.006416292
a4e1c55a9_158,-0.027242307
a4e1c55a9_159,0.06715539
a4e1c55a9_160,-0.061495867
a4e1c55a9_161,0.036041304
a4e1c55a9_162,-0.064032495
a4e1c55a9_163,-0.07754843
a4e1c55a9_164,-0.021060234
a4e1c55a9_165,-0.11140345
a4e1c55a9_166,0.01510163
a4e1c55a9_167,0.0066188667
a4e1c55a9_168,-0.041624807
a4e1c55a9_169,-0.024661753
a4e1c55a9_170,0.0065367287
a4e1c55a9_171,-0.027143855
a4e1c55a9_172,0.0075349878
a4e1c55a9_173,-0.037417367
a4e1c55a9_174,-0.041486442
a4e1c55a9_175,-0.011608197
a4e1c55a9_176,-0.07429717
a4e1c55a9_177,0.022608435
a4e1c55a9_178,-0.00757501
a4e1c55a9_179,0.07878986
a4e1c55a9_180,0.042643674
a4e1c55a9_181,-0.0018703246
a4e1c55a9_182,0.044072594
a4e1c55a9_183,-0.11966044
a4e1c55a9_184,-0.010233899
a4e1c55a9_185,0.002236289
a4e1c55a9_186,-0.08096507
a4e1c55a9_187,0.010076089
a4e1c55a9_188,0.03103936
a4e1c55a9_189,0.098480634
a4e1c55a9_190,-0.0036837799
a4e1c55a9_191,0.07673798
a4e1c55a9_192,0.038277246
a4e1c55a9_193,0.02066145
a4e1c55a9_194,0.009602852
a4e1c55a9_195,-0.043532543
a4e1c55a9_196,0.08194375
a4e1c55a9_197,0.002095006
a4e1c55a9_198,-0.048850708
a4e1c55a9_199,-0.03351836
a4e1c55a9_200,0.03582682
a4e1c55a9_201,-0.046685837
a4e1c55a9_202,-0.05922671
a4e1c55a9_203,-0.007887905
a4e1c55a9_204,-0.013706277
a4e1c55a9_205,0.013447518
a4e1c55a9_206,0.018809048
a4e1c55a9_207,0.021855708
a4e1c55a9_208,-0.065728486
a4e1c55a9_209,-0.029292267
a4e1c55a9_210,-0.00036109798
a4e1c55a9_211,-0.05757202
a4e1c55a9_212,0.004891972
a4e1c55a9_213,0.002426426
a4e1c55a9_214,0.037351586
a4e1c55a9_215,0.01844401
a4e1c55a9_216,0.001465382
a4e1c55a9_217,0.010858327
a4e1c55a9_218,-0.07895739
a4e1c55a9_219,-0.057962507
a4e1c55a9_220,-0.06308963
a4e1c55a9_221,0.05655933
a4e1c55a9_222,-0.012547132
a4e1c55a9_223,4.8432344e-33
a4e1c55a9_224,-0.017684575
a4e1c55a9_225,0.02499031
a4e1c55a9_226,0.060890846
a4e1c55a9_227,0.03277821
a4e1c55a9_228,-0.014219468
a4e1c55a9_229,-0.07822002
a4e1c55a9_230,0.025744399
a4e1c55a9_231,0.016554208
a4e1c55a9_232,-0.06235552
a4e1c55a9_233,0.05302435
a4e1c55a9_234,0.008032333
a4e1c55a9_235,-0.009556524
a4e1c55a9_236,0.021975879
a4e1c55a9_237,0.032093674
a4e1c55a9_238,0.09957296
a4e1c55a9_239,0.031547204
a4e1c55a9_240,0.028018218
a4e1c55a9_241,-0.029035674
a4e1c55a9_242,-0.035038747
a4e1c55a9_243,-0.08973908
a4e1c55a9_244,-0.0006495344
a4e1c55a9_245,0.05538377
a4e1c55a9_246,0.0126668075
a4e1c55a9_247,-0.00336699
a4e1c55a9_248,0.014793031
a4e1c55a9_249,0.06541632
a4e1c55a9_250,0.020547204
a4e1c55a9_251,-0.015252603
a4e1c55a9_252,-0.04948976
a4e1c55a9_253,0.030412905
a4e1c55a9_254,-0.038320154
a4e1c55a9_255,-0.082983166
a4e1c55a9_256,0.023585593
a4e1c55a9_257,0.05485688
a4e1c55a9_258,0.035775837
a4e1c55a9_259,-0.0868506
a4e1c55a9_260,0.041277163
a4e1c55a9_261,-0.038656652
a4e1c55a9_262,0.027507544
a4e1c55a9_263,-0.06043832
a4e1c55a9_264,0.032826453
a4e1c55a9_265,0.0045088166
a4e1c55a9_266,0.032905795
a4e1c55a9_267,0.050714493
a4e1c55a9_268,0.016558448
a4e1c55a9_269,-0.06890979
a4e1c55a9_270,-0.05346078
a4e1c55a9_271,0.043264143
a4e1c55a9_272,0.00191611
a4e1c55a9_273,0.030110385
a4e1c55a9_274,-0.047279976
a4e1c55a9_275,-0.01573984
a4e1c55a9_276,0.07646999
a4e1c55a9_277,-0.089610934
a4e1c55a9_278,0.012745941
a4e1c55a9_279,-0.02784831
a4e1c55a9_280,-0.036537983
a4e1c55a9_281,0.009256673
a4e1c55a9_282,0.075266324
a4e1c55a9_283,0.003858737
a4e1c55a9_284,-0.018369187
a4e1c55a9_285,-0.035444286
a4e1c55a9_286,-0.0473961
a4e1c55a9_287,0.0114581715
a4e1c55a9_288,-0.026711682
a4e1c55a9_289,0.024830006
a4e1c55a9_290,0.094988875
a4e1c55a9_291,0.0043083634
a4e1c55a9_292,0.06146671
a4e1c55a9_293,0.013375721
a4e1c55a9_294,0.12334758
a4e1c55a9_295,0.06955502
a4e1c55a9_296,0.10585751
a4e1c55a9_297,0.029207163
a4e1c55a9_298,0.09040943
a4e1c55a9_299,-0.0009858329
a4e1c55a9_300,0.029801304
a4e1c55a9_301,0.04359228
a4e1c55a9_302,0.07193792
a4e1c55a9_303,-0.024118645
a4e1c55a9_304,-0.08154908
a4e1c55a9_305,-0.036899403
a4e1c55a9_306,0.0060146833
a4e1c55a9_307,0.072444454
a4e1c55a9_308,-0.018401287
a4e1c55a9_309,0.045444254
a4e1c55a9_310,-0.106020115
a4e1c55a9_311,0.019395944
a4e1c55a9_312,0.009490376
a4e1c55a9_313,0.013721268
a4e1c55a9_314,0.030821888
a4e1c55a9_315,0.05274772
a4e1c55a9_316,0.006333583
a4e1c55a9_317,0.019836113
a4e1c55a9_318,0.0072797565
a4e1c55a9_319,-1.5367899e-08
a4e1c55a9_320,0.007641886
a4e1c55a9_321,-0.021562116
a4e1c55a9_322,0.043702394
a4e1c55a9_323,-0.085515745
a4e1c55a9_324,0.056616638
a4e1c55a9_325,0.033167716
a4e1c55a9_326,0.04075989
a4e1c55a9_327,-0.13619807
a4e1c55a9_328,-0.08295983
a4e1c55a9_329,-0.03788174
a4e1c55a9_330,0.087080784
a4e1c55a9_331,-0.0028735604
a4e1c55a9_332,0.00441584
a4e1c55a9_333,0.0334943
a4e1c55a9_334,0.0154742105
a4e1c55a9_335,-9.561377e-05
a4e1c55a9_336,0.044774998
a4e1c55a9_337,0.0478215
a4e1c55a9_338,0.02030082
a4e1c55a9_339,-0.027142916
a4e1c55a9_340,0.06411145
a4e1c55a9_341,-0.114109054
a4e1c55a9_342,0.0021254884
a4e1c55a9_343,0.043324955
a4e1c55a9_344,-0.09467347
a4e1c55a9_345,-0.0011428427
a4e1c55a9_346,-0.08133295
a4e1c55a9_347,0.029818952
a4e1c55a9_348,-0.06686212
a4e1c55a9_349,0.01756723
a4e1c55a9_350,0.0023407713
a4e1c55a9_351,-0.01573093
a4e1c55a9_352,0.04967715
a4e1c55a9_353,0.027721524
a4e1c55a9_354,0.072432846
a4e1c55a9_355,-0.073587924
a4e1c55a9_356,-0.09454143
a4e1c55a9_357,-0.054921158
a4e1c55a9_358,-0.03741412
a4e1c55a9_359,0.05136007
a4e1c55a9_360,0.06447669
a4e1c55a9_361,0.09423612
a4e1c55a9_362,-0.009623342
a4e1c55a9_363,0.008503847
a4e1c55a9_364,0.025314897
a4e1c55a9_365,-0.026902318
a4e1c55a9_366,0.016135376
a4e1c55a9_367,-0.14104772
a4e1c55a9_368,-0.08115594
a4e1c55a9_369,-0.012704307
a4e1c55a9_370,-0.099910915
a4e1c55a9_371,-0.0028891275
a4e1c55a9_372,0.0134373605
a4e1c55a9_373,0.053461634
a4e1c55a9_374,0.053998604
a4e1c55a9_375,-0.021016672
a4e1c55a9_376,0.04301512
a4e1c55a9_377,-0.06425101
a4e1c55a9_378,-0.08829214
a4e1c55a9_379,0.07281251
a4e1c55a9_380,-0.047589682
a4e1c55a9_381,0.10932088
a4e1c55a9_382,-0.0354819
a4e1c55a9_383,-0.0036507694
c98f79f71_0,-0.01656585
c98f79f71_1,0.109952554
c98f79f71_2,-0.032128457
c98f79f71_3,-0.0016422924
c98f79f71_4,-0.024673332
c98f79f71_5,0.02450779
c98f79f71_6,0.12533239
c98f79f71_7,-0.056407087
c98f79f71_8,-0.004315337
c98f79f71_9,-0.06094265
c98f79f71_10,-0.06336902
c98f79f71_11,-0.003675101
c98f79f71_12,-0.009368598
c98f79f71_13,0.028069362
c98f79f71_14,-0.017840207
c98f79f71_15,0.03364401
c98f79f71_16,-0.04524707
c98f79f71_17,0.010297287
c98f79f71_18,0.031586375
c98f79f71_19,0.000117701944
c98f79f71_20,-0.031562947
c98f79f71_21,0.040188506
c98f79f71_22,-0.024526535
c98f79f71_23,-0.05159388
c98f79f71_24,0.013612601
c98f79f71_25,-0.09256529
c98f79f71_26,0.035167873
c98f79f71_27,0.043572985
c98f79f71_28,0.047244966
c98f79f71_29,0.0018579131
c98f79f71_30,0.0694454
c98f79f71_31,-0.04479652
c98f79f71_32,-0.037465915
c98f79f71_33,-0.0083893575
c98f79f71_34,-0.036096603
c98f79f71_35,-0.01313589
c98f79f71_36,-0.04202667
c98f79f71_37,0.033678804
c98f79f71_38,0.013261336
c98f79f71_39,0.015100728
c98f79f71_40,-0.004995703
c98f79f71_41,0.03312726
c98f79f71_42,-0.06727432
c98f79f71_43,0.042778164
c98f79f71_44,0.0015681772
c98f79f71_45,0.03868133
c98f79f71_46,-0.10955912
c98f79f71_47,0.016514473
c98f79f71_48,0.042992692
c98f79f71_49,0.008149843
c98f79f71_50,-0.07987654
c98f79f71_51,-0.081437714
c98f79f71_52,-0.051210903
c98f79f71_53,-0.087491095
c98f79f71_54,0.029143766
c98f79f71_55,0.04922472
c98f79f71_56,0.010920947
c98f79f71_57,-0.044769928
c98f79f71_58,-0.026593888
c98f79f71_59,-0.014120713
c98f79f71_60,-0.031063663
c98f79f71_61,0.020123579
c98f79f71_62,0.017804937
c98f79f71_63,0.08955737
c98f79f71_64,0.024262559
c98f79f71_65,-0.00937644
c98f79f71_66,-0.042021442
c98f79f71_67,-0.06164171
c98f79f71_68,0.046212308
c98f79f71_69,0.021921389
c98f79f71_70,0.07301402
c98f79f71_71,-0.040099785
c98f79f71_72,-0.06400421
c98f79f71_73,-0.12530538
c98f79f71_74,-0.026805263
c98f79f71_75,-0.068959326
c98f79f71_76,-0.046227258
c98f79f71_77,-0.05486143
c98f79f71_78,-0.053812716
c98f79f71_79,-0.07004915
c98f79f71_80,0.0255259
c98f79f71_81,0.040393405
c98f79f71_82,-0.060346145
c98f79f71_83,0.014438955
c98f79f71_84,0.04425593
c98f79f71_85,0.06979489
c98f79f71_86,-0.0415235
c98f79f71_87,0.035860077
c98f79f71_88,-0.0789067
c98f79f71_89,0.009142687
c98f79f71_90,0.046309244
c98f79f71_91,-0.0069752135
c98f79f71_92,-0.046027042
c98f79f71_93,-0.00891106
c98f79f71_94,0.04890384
c98f79f71_95,0.010838805
c98f79f71_96,0.07465366
c98f79f71_97,-0.008912131
c98f79f71_98,-0.03640843
c98f79f71_99,0.05727812
c98f79f71_100,0.03211349
c98f79f71_101,-0.11392844
c98f79f71_102,0.010339129
c98f79f71_103,-0.058999516
c98f79f71_104,0.09834352
c98f79f71_105,0.0058306614
c98f79f71_106,0.009298798
c98f79f71_107,0.020159
c98f79f71_108,-0.0409084
c98f79f71_109,-0.028811112
c98f79f71_110,-0.023018135
c98f79f71_111,-0.0050608274
c98f79f71_112,-0.044352718
c98f79f71_113,0.029837016
c98f79f71_114,0.024285536
c98f79f71_115,-0.06929252
c98f79f71_116,-0.011449534
c98f79f71_117,-0.096918166
c98f79f71_118,-0.050051697
c98f79f71_119,-0.019000353
c98f79f71_120,0.021814395
c98f79f71_121,0.0063475873
c98f79f71_122,-0.029330732
c98f79f71_123,-0.022530343
c98f79f71_124,-0.031739675
c98f79f71_125,-0.022623558
c98f79f71_126,-0.034173768
c98f79f71_127,-7.745788e-33
c98f79f71_128,0.045503404
c98f79f71_129,-0.008637457
c98f79f71_130,0.06270273
c98f79f71_131,-0.012556441
c98f79f71_132,0.07479504
c98f79f71_133,0.077453196
c98f79f71_134,0.043377362
c98f79f71_135,-0.025909487
c98f79f71_136,-0.043385226
c98f79f71_137,0.03299688
c98f79f71_138,0.019858545
c98f79f71_139,-0.0087263845
c98f79f71_140,-0.037464455
c98f79f71_141,0.15980339
c98f79f71_142,-0.012559932
c98f79f71_143,0.044675086
c98f79f71_144,0.06421688
c98f79f71_145,-0.023028396
c98f79f71_146,0.012412538
c98f79f71_147,-0.036067605
c98f79f71_148,-0.02021934
c98f79f71_149,0.020830747
c98f79f71_150,-0.04483955
c98f79f71_151,-0.09141823
c98f79f71_152,-0.009105826
c98f79f71_153,0.027455552
c98f79f71_154,-0.025826806
c98f79f71_155,-0.025294194
c98f79f71_156,0.022523656
c98f79f71_157,0.018926559
c98f79f71_158,-0.032157037
c98f79f71_159,0.010324179
c98f79f71_160,0.008316217
c98f79f71_161,-0.030163737
c98f79f71_162,-0.06625595
c98f79f71_163,-0.058947533
c98f79f71_164,-0.035301697
c98f79f71_165,-0.053269155
c98f79f71_166,-0.017426463
c98f79f71_167,0.08679872
c98f79f71_168,0.026708446
c98f79f71_169,0.019683387
c98f79f71_170,-0.029726181
c98f79f71_171,0.048519216
c98f79f71_172,-0.01677526
c98f79f71_173,0.038063735
c98f79f71_174,0.010802469
c98f79f71_175,0.04136814
c98f79f71_176,-0.039159376
c98f79f71_177,0.0478201
c98f79f71_178,0.014834712
c98f79f71_179,0.043888632
c98f79f71_180,0.01656517
c98f79f71_181,-0.046345897
c98f79f71_182,-0.08398771
c98f79f71_183,0.0025215251
c98f79f71_184,0.012682196
c98f79f71_185,-0.0219425
c98f79f71_186,-0.00741631
c98f79f71_187,-0.020931274
c98f79f71_188,-0.033999603
c98f79f71_189,0.022715952
c98f79f71_190,0.031411294
c98f79f71_191,0.026051642
c98f79f71_192,0.07824573
c98f79f71_193,-0.029352657
c98f79f71_194,-0.035731457
c98f79f71_195,-0.01957072
c98f79f71_196,-0.05683478
c98f79f71_197,-0.001980802
c98f79f71_198,-0.021149758
c98f79f71_199,0.0483798
c98f79f71_200,-0.0038409028
c98f79f71_201,-0.1441128
c98f79f71_202,0.0064046774
c98f79f71_203,0.011273846
c98f79f71_204,-0.022874732
c98f79f71_205,-0.034842096
c98f79f71_206,-0.07212016
c98f79f71_207,0.067214504
c98f79f71_208,-0.07994886
c98f79f71_209,0.033665866
c98f79f71_210,0.022271434
c98f79f71_211,-0.08126678
c98f79f71_212,-0.013453301
c98f79f71_213,0.05127415
c98f79f71_214,0.060475655
c98f79f71_215,0.042292807
c98f79f71_216,0.02642821
c98f79f71_217,0.043586373
c98f79f71_218,0.027706739
c98f79f71_219,0.010238627
c98f79f71_220,0.018412102
c98f79f71_221,-0.03821902
c98f79f71_222,0.0435319
c98f79f71_223,3.5960657e-33
c98f79f71_224,-0.05125912
c98f79f71_225,0.04894457
c98f79f71_226,0.041756168
c98f79f71_227,0.04618598
c98f79f71_228,0.047314763
c98f79f71_229,-0.11019539
c98f79f71_230,0.027565654
c98f79f71_231,0.089719534
c98f79f71_232,-0.038710333
c98f79f71_233,0.0114874905
c98f79f71_234,0.014660694
c98f79f71_235,0.045884505
c98f79f71_236,0.056133457
c98f79f71_237,-0.0049790842
c98f79f71_238,-0.011325745
c98f79f71_239,-0.01974668
c98f79f71_240,-0.0037249466
c98f79f71_241,0.05446747
c98f79f71_242,0.00834443
c98f79f71_243,-0.0023820056
c98f79f71_244,0.025111077
c98f79f71_245,0.012745154
c98f79f71_246,0.05361858
c98f79f71_247,-0.04021647
c98f79f71_248,-0.10382751
c98f79f71_249,0.08086713
c98f79f71_250,-0.0074772574
c98f79f71_251,-0.066465884
c98f79f71_252,-0.0143435355
c98f79f71_253,0.07193926
c98f79f71_254,-0.0045672706
c98f79f71_255,-0.017993769
c98f79f71_256,0.021936473
c98f79f71_257,-0.0072861686
c98f79f71_258,-0.019138202
c98f79f71_259,-0.043140873
c98f79f71_260,0.03859367
c98f79f71_261,-0.025225509
c98f79f71_262,0.027414855
c98f79f71_263,0.09011948
c98f79f71_264,0.025873892
c98f79f71_265,-0.034204893
c98f79f71_266,0.033522315
c98f79f71_267,0.024956359
c98f79f71_268,0.051033743
c98f79f71_269,-0.019068219
c98f79f71_270,-0.023313358
c98f79f71_271,-0.02334886
c98f79f71_272,0.0064348914
c98f79f71_273,-0.021889575
c98f79f71_274,-0.05215258
c98f79f71_275,-0.055301122
c98f79f71_276,0.007366001
c98f79f71_277,-0.01190955
c98f79f71_278,0.051543556
c98f79f71_279,-0.022190627
c98f79f71_280,-0.0025959443
c98f79f71_281,-0.015427686
c98f79f71_282,0.048259705
c98f79f71_283,0.0500012
c98f79f71_284,-0.028437562
c98f79f71_285,0.012543629
c98f79f71_286,-0.045866568
c98f79f71_287,-0.02174391
c98f79f71_288,-0.0431939
c98f79f71_289,0.030610345
c98f79f71_290,0.024458736
c98f79f71_291,0.009331623
c98f79f71_292,0.024087528
c98f79f71_293,-0.06416785
c98f79f71_294,0.01851465
c98f79f71_295,0.0451568
c98f79f71_296,0.025720153
c98f79f71_297,0.034944713
c98f79f71_298,-0.0016317042
c98f79f71_299,0.047283843
c98f79f71_300,0.059265193
c98f79f71_301,0.0054376125
c98f79f71_302,0.10643082
c98f79f71_303,-0.04897118
c98f79f71_304,-0.024468362
c98f79f71_305,-0.08409135
c98f79f71_306,-0.0282818
c98f79f71_307,0.027285036
c98f79f71_308,-0.0037304785
c98f79f71_309,-0.027955692
c98f79f71_310,-0.04857321
c98f79f71_311,0.0002788526
c98f79f71_312,-0.034042366
c98f79f71_313,-0.04019377
c98f79f71_314,0.07086305
c98f79f71_315,0.07880711
c98f79f71_316,-0.012397556
c98f79f71_317,0.043661572
c98f79f71_318,0.041271966
c98f79f71_319,-1.687961e-08
c98f79f71_320,-0.036007255
c98f79f71_321,-0.042938627
c98f79f71_322,0.064360544
c98f79f71_323,-0.11513467
c98f79f71_324,0.06710951
c98f79f71_325,-0.002789896
c98f79f71_326,0.067920476
c98f79f71_327,-0.1077095
c98f79f71_328,0.012123004
c98f79f71_329,0.027133517
c98f79f71_330,-0.0073773414
c98f79f71_331,-0.024461418
c98f79f71_332,-0.005798599
c98f79f71_333,0.03223203
c98f79f71_334,0.017190631
c98f79f71_335,-0.005560734
c98f79f71_336,0.009001712
c98f79f71_337,-0.047201104
c98f79f71_338,0.009096915
c98f79f71_339,-0.11229953
c98f79f71_340,-0.018167725
c98f79f71_341,0.03619133
c98f79f71_342,-0.025998484
c98f79f71_343,-0.021039495
c98f79f71_344,-0.07336619
c98f79f71_345,0.034165252
c98f79f71_346,0.027110469
c98f79f71_347,0.024053395
c98f79f71_348,-0.015891748
c98f79f71_349,0.016188169
c98f79f71_350,-0.03790836
c98f79f71_351,0.092033036
c98f79f71_352,-0.041112654
c98f79f71_353,0.009137174
c98f79f71_354,0.09395881
c98f79f71_355,-0.05215778
c98f79f71_356,-0.0509634
c98f79f71_357,-0.017926132
c98f79f71_358,-0.0037948177
c98f79f71_359,-0.030150633
c98f79f71_360,0.050980084
c98f79f71_361,0.03602713
c98f79f71_362,0.023374915
c98f79f71_363,-0.00085929653
c98f79f71_364,0.0717812
c98f79f71_365,-0.00233261
c98f79f71_366,0.13051032
c98f79f71_367,-0.022098387
c98f79f71_368,-0.036754586
c98f79f71_369,0.03216649
c98f79f71_370,0.024237324
c98f79f71_371,-0.054096382
c98f79f71_372,0.09438695
c98f79f71_373,0.004506044
c98f79f71_374,-0.005221448
c98f79f71_375,-0.03742701
c98f79f71_376,-0.0023074187
c98f79f71_377,0.041158445
c98f79f71_378,-0.033587843
c98f79f71_379,-0.048228815
c98f79f71_380,0.01878655
c98f79f71_381,0.02956001
c98f79f71_382,0.0059588277
c98f79f71_383,0.031265162
227ef0887_0,0.017116262
227ef0887_1,0.09474511
227ef0887_2,-0.06045074
227ef0887_3,0.02687384
227ef0887_4,-0.03364764
227ef0887_5,-0.027890699
227ef0887_6,0.015506632
227ef0887_7,-0.015623555
227ef0887_8,0.070778675
227ef0887_9,-0.0317812
227ef0887_10,-0.035952237
227ef0887_11,-0.09629389
227ef0887_12,-0.013247031
227ef0887_13,0.0069776634
227ef0887_14,-0.068431124
227ef0887_15,-0.08323042
227ef0887_16,-0.011873919
227ef0887_17,-0.020703364
227ef0887_18,0.014312999
227ef0887_19,-0.029461298
227ef0887_20,-0.07142755
227ef0887_21,0.04899952
227ef0887_22,-0.01207244
227ef0887_23,-0.0044140606
227ef0887_24,-0.02804029
227ef0887_25,0.035720922
227ef0887_26,0.016245946
227ef0887_27,0.038097017
227ef0887_28,0.03639463
227ef0887_29,-0.077546835
227ef0887_30,0.033273578
227ef0887_31,-0.016298432
227ef0887_32,-0.018258378
227ef0887_33,-0.012612598
227ef0887_34,-0.004605118
227ef0887_35,-0.040918328
227ef0887_36,0.010552054
227ef0887_37,0.040695556
227ef0887_38,0.029138185
227ef0887_39,-0.04954355
227ef0887_40,-0.023519574
227ef0887_41,-0.027900241
227ef0887_42,0.044286996
227ef0887_43,0.03454026
227ef0887_44,-0.023932364
227ef0887_45,0.03314051
227ef0887_46,0.025397643
227ef0887_47,-0.010757426
227ef0887_48,0.013790932
227ef0887_49,-0.05073286
227ef0887_50,-0.00062401546
227ef0887_51,-0.06211909
227ef0887_52,-0.047020923
227ef0887_53,0.05514554
227ef0887_54,0.057593063
227ef0887_55,0.025262376
227ef0887_56,0.014379579
227ef0887_57,-0.04268059
227ef0887_58,0.012835128
227ef0887_59,-0.032515418
227ef0887_60,0.015840564
227ef0887_61,0.02376042
227ef0887_62,0.012848139
227ef0887_63,0.015439158
227ef0887_64,-0.0032305866
227ef0887_65,0.002150442
227ef0887_66,-0.045706816
227ef0887_67,-0.025744105
227ef0887_68,-0.02380675
227ef0887_69,-0.011537815
227ef0887_70,0.051228136
227ef0887_71,0.045036666
227ef0887_72,0.019952632
227ef0887_73,-0.02651579
227ef0887_74,0.082014784
227ef0887_75,-0.040772982
227ef0887_76,-0.009210631
227ef0887_77,-0.017918935
227ef0887_78,-0.0041526733
227ef0887_79,0.0272287
227ef0887_80,-0.017424531
227ef0887_81,-0.026206737
227ef0887_82,-0.049646057
227ef0887_83,0.065471224
227ef0887_84,-0.023980929
227ef0887_85,-0.045904715
227ef0887_86,-0.006615936
227ef0887_87,-0.005788603
227ef0887_88,-0.016532356
227ef0887_89,-0.037303995
227ef0887_90,-0.019781413
227ef0887_91,0.06352545
227ef0887_92,-0.012733433
227ef0887_93,-0.039872725
227ef0887_94,-0.007714884
227ef0887_95,-0.010831927
227ef0887_96,-0.040973175
227ef0887_97,-0.045636065
227ef0887_98,0.001131434
227ef0887_99,0.11703871
227ef0887_100,-0.025313817
227ef0887_101,0.0074671544
227ef0887_102,0.05822149
227ef0887_103,0.0063736867
227ef0887_104,-0.0048675523
227ef0887_105,-0.02965073
227ef0887_106,-0.021030108
227ef0887_107,0.040882148
227ef0887_108,0.0671126
227ef0887_109,-0.005078881
227ef0887_110,-0.009990181
227ef0887_111,-0.040236823
227ef0887_112,-0.05363658
227ef0887_113,0.026174966
227ef0887_114,-0.031980246
227ef0887_115,-0.023252934
227ef0887_116,0.0040677404
227ef0887_117,-0.07623696
227ef0887_118,-0.027286962
227ef0887_119,-0.0012189001
227ef0887_120,0.02375849
227ef0887_121,0.029774603
227ef0887_122,-0.07425806
227ef0887_123,-0.018991383
227ef0887_124,-0.060414597
227ef0887_125,-0.01677609
227ef0887_126,-0.0075424546
227ef0887_127,-6.405981e-33
227ef0887_128,0.014554813
227ef0887_129,-0.006330818
227ef0887_130,-0.028211154
227ef0887_131,-0.008416121
227ef0887_132,0.0986464
227ef0887_133,-0.03625315
227ef0887_134,0.05164385
227ef0887_135,-0.009488981
227ef0887_136,0.029926462
227ef0887_137,0.026734432
227ef0887_138,0.038293336
227ef0887_139,-0.03275019
227ef0887_140,-0.057287388
227ef0887_141,0.08111789
227ef0887_142,0.100073546
227ef0887_143,-0.07396425
227ef0887_144,-0.017527502
227ef0887_145,-0.035984322
227ef0887_146,-0.017827474
227ef0887_147,0.046972297
227ef0887_148,-0.059094295
227ef0887_149,0.029084727
227ef0887_150,0.014187731
227ef0887_151,0.0064555258
227ef0887_152,0.005506115
227ef0887_153,-0.0029666312
227ef0887_154,0.01663955
227ef0887_155,0.021093965
227ef0887_156,-0.008521861
227ef0887_157,0.017404785
227ef0887_158,-0.01557789
227ef0887_159,0.04321462
227ef0887_160,-0.012280034
227ef0887_161,-0.032082565
227ef0887_162,-0.0019085035
227ef0887_163,-0.012532419
227ef0887_164,-0.0077842753
227ef0887_165,-0.020735525
227ef0887_166,-0.0065668207
227ef0887_167,-0.000929188
227ef0887_168,0.004837756
227ef0887_169,0.0147127565
227ef0887_170,-0.0003308477
227ef0887_171,0.031648394
227ef0887_172,0.024429992
227ef0887_173,0.034446158
227ef0887_174,0.015145211
227ef0887_175,-0.012250643
227ef0887_176,-0.016083345
227ef0887_177,0.0017198133
227ef0887_178,0.07145808
227ef0887_179,-0.015212234
227ef0887_180,-0.03818068
227ef0887_181,-0.0018328866
227ef0887_182,0.02511251
227ef0887_183,-0.060574044
227ef0887_184,0.013157815
227ef0887_185,0.056030586
227ef0887_186,-0.011054182
227ef0887_187,-0.007775335
227ef0887_188,0.0162671
227ef0887_189,0.027209371
227ef0887_190,-0.041272506
227ef0887_191,0.042230595
227ef0887_192,-0.0047368584
227ef0887_193,0.026263896
227ef0887_194,-0.037298337
227ef0887_195,0.010074076
227ef0887_196,0.0031617857
227ef0887_197,-0.060039867
227ef0887_198,-0.06473659
227ef0887_199,0.02523792
227ef0887_200,0.017681297
227ef0887_201,-0.02038461
227ef0887_202,-0.082054466
227ef0887_203,0.031176964
227ef0887_204,-0.03640407
227ef0887_205,0.013499856
227ef0887_206,0.028476577
227ef0887_207,-0.0057858545
227ef0887_208,-0.015401246
227ef0887_209,0.023236005
227ef0887_210,-0.02594837
227ef0887_211,-0.040886875
227ef0887_212,-0.041458387
227ef0887_213,0.03599643
227ef0887_214,0.058086246
227ef0887_215,0.03156939
227ef0887_216,-0.0071644364
227ef0887_217,-0.05848368
227ef0887_218,-0.056331947
227ef0887_219,0.011866183
227ef0887_220,0.02475877
227ef0887_221,0.033947207
227ef0887_222,-0.030896164
227ef0887_223,2.9119778e-33
227ef0887_224,-0.029554117
227ef0887_225,-0.0038159434
227ef0887_226,-0.008456036
227ef0887_227,0.056616157
227ef0887_228,0.053138744
227ef0887_229,-0.009751264
227ef0887_230,-0.020199504
227ef0887_231,0.0034554023
227ef0887_232,-0.031878453
227ef0887_233,0.045848474
227ef0887_234,0.014409522
227ef0887_235,0.019536464
227ef0887_236,0.051456604
227ef0887_237,0.03893415
227ef0887_238,0.09153031
227ef0887_239,0.022455843
227ef0887_240,0.0761117
227ef0887_241,0.0040424727
227ef0887_242,-0.02526946
227ef0887_243,0.018884897
227ef0887_244,0.0038812365
227ef0887_245,0.043110125
227ef0887_246,-0.048165534
227ef0887_247,-0.025759492
227ef0887_248,-0.058261827
227ef0887_249,0.06213957
227ef0887_250,-0.0052596936
227ef0887_251,-0.033153437
227ef0887_252,-0.050810304
227ef0887_253,0.028028298
227ef0887_254,-0.043195732
227ef0887_255,-0.08834905
227ef0887_256,-0.001485236
227ef0887_257,0.023106048
227ef0887_258,0.011826999
227ef0887_259,0.026324317
227ef0887_260,0.08556072
227ef0887_261,-0.07441878
227ef0887_262,-0.04254916
227ef0887_263,-0.06903573
227ef0887_264,0.05320062
227ef0887_265,0.007831899
227ef0887_266,-0.00066037476
227ef0887_267,0.13078478
227ef0887_268,-0.03651386
227ef0887_269,0.04113443
227ef0887_270,-0.020119756
227ef0887_271,0.049639653
227ef0887_272,-0.0070489272
227ef0887_273,-0.016437698
227ef0887_274,-0.011371971
227ef0887_275,0.0124967
227ef0887_276,0.08310915
227ef0887_277,-0.05594653
227ef0887_278,0.0129840225
227ef0887_279,-0.017630696
227ef0887_280,0.0036060978
227ef0887_281,-0.0039438466
227ef0887_282,0.10620772
227ef0887_283,0.06648508
227ef0887_284,-0.003450483
227ef0887_285,0.063620925
227ef0887_286,-0.037092842
227ef0887_287,-0.016765222
227ef0887_288,-0.021613065
227ef0887_289,0.018541042
227ef0887_290,-0.01213095
227ef0887_291,-0.036339104
227ef0887_292,-0.072481126
227ef0887_293,0.03717975
227ef0887_294,0.033943724
227ef0887_295,0.0864247
227ef0887_296,-0.023523971
227ef0887_297,0.019053306
227ef0887_298,0.02154131
227ef0887_299,0.055190455
227ef0887_300,0.0381101
227ef0887_301,0.015264888
227ef0887_302,-0.030151969
227ef0887_303,0.115988314
227ef0887_304,-0.06576753
227ef0887_305,0.00061078556
227ef0887_306,0.010482445
227ef0887_307,-0.014969854
227ef0887_308,0.067536
227ef0887_309,-0.08056939
227ef0887_310,-0.05540082
227ef0887_311,0.05770144
227ef0887_312,0.05597182
227ef0887_313,-0.0025914982
227ef0887_314,-0.018705102
227ef0887_315,0.05833692
227ef0887_316,-0.030415885
227ef0887_317,-0.04157747
227ef0887_318,0.047568344
227ef0887_319,-1.6450667e-08
227ef0887_320,-0.010242974
227ef0887_321,-0.076496735
227ef0887_322,-0.031000204
227ef0887_323,-0.052185114
227ef0887_324,0.0022477345
227ef0887_325,-0.01380799
227ef0887_326,0.050950773
227ef0887_327,-0.097111136
227ef0887_328,0.037990496
227ef0887_329,-0.08695999
227ef0887_330,-0.00845492
227ef0887_331,0.042622924
227ef0887_332,-0.044924065
227ef0887_333,0.06400541
227ef0887_334,-0.0502778
227ef0887_335,0.048676766
227ef0887_336,-0.0217538
227ef0887_337,-0.015580909
227ef0887_338,0.016323145
227ef0887_339,-0.0014731707
227ef0887_340,-0.0026289858
227ef0887_341,-0.03863392
227ef0887_342,0.05112912
227ef0887_343,-0.04322388
227ef0887_344,-0.010087304
227ef0887_345,-0.03336928
227ef0887_346,-0.08306058
227ef0887_347,0.020906586
227ef0887_348,-0.046718527
227ef0887_349,0.07418228
227ef0887_350,0.026910916
227ef0887_351,0.06377915
227ef0887_352,-0.0017212236
227ef0887_353,-0.051442467
227ef0887_354,0.048296
227ef0887_355,-0.021242328
227ef0887_356,-0.015730094
227ef0887_357,0.004041925
227ef0887_358,-0.012971597
227ef0887_359,-0.023689544
227ef0887_360,0.02230128
227ef0887_361,-0.05131338
227ef0887_362,-0.05042588
227ef0887_363,-0.011230757
227ef0887_364,-0.0021903021
227ef0887_365,0.032247856
227ef0887_366,-0.063907966
227ef0887_367,0.020084562
227ef0887_368,-0.035656862
227ef0887_369,0.032694474
227ef0887_370,0.014923512
227ef0887_371,-0.025895089
227ef0887_372,0.04747002
227ef0887_373,0.066401646
227ef0887_374,-0.015416706
227ef0887_375,-0.04808978
227ef0887_376,0.054834493
227ef0887_377,-0.017906265
227ef0887_378,-0.03165193
227ef0887_379,-0.017852822
227ef0887_380,0.031031953
227ef0887_381,0.010030668
227ef0887_382,-0.008671308
227ef0887_383,0.051669855
f27825b2c_0,0.010585898
f27825b2c_1,0.016548416
f27825b2c_2,-0.03468138
f27825b2c_3,0.0064096334
f27825b2c_4,-0.032189555
f27825b2c_5,0.027573453
f27825b2c_6,0.0852544
f27825b2c_7,-0.01180768
f27825b2c_8,-0.01967696
f27825b2c_9,-0.002003437
f27825b2c_10,0.013498529
f27825b2c_11,-0.02832886
f27825b2c_12,-0.0042411014
f27825b2c_13,0.0038585123
f27825b2c_14,0.026395503
f27825b2c_15,0.0063832123
f27825b2c_16,0.024047863
f27825b2c_17,-0.030228468
f27825b2c_18,0.028374353
f27825b2c_19,0.0049143652
f27825b2c_20,0.009874769
f27825b2c_21,0.07692225
f27825b2c_22,-0.008431159
f27825b2c_23,0.03551595
f27825b2c_24,-0.05975063
f27825b2c_25,-0.048904136
f27825b2c_26,0.02972665
f27825b2c_27,0.035294823
f27825b2c_28,0.04249525
f27825b2c_29,0.033930622
f27825b2c_30,0.0663873
f27825b2c_31,-5.9576705e-06
f27825b2c_32,0.043882526
f27825b2c_33,-0.026685536
f27825b2c_34,-0.07042351
f27825b2c_35,-0.09368579
f27825b2c_36,-0.022873525
f27825b2c_37,0.055254936
f27825b2c_38,0.018283438
f27825b2c_39,-0.0013095094
f27825b2c_40,-0.033255454
f27825b2c_41,-0.03766821
f27825b2c_42,-0.07199296
f27825b2c_43,0.016312916
f27825b2c_44,0.014016768
f27825b2c_45,0.056535732
f27825b2c_46,-0.035936594
f27825b2c_47,0.007919252
f27825b2c_48,0.018324811
f27825b2c_49,0.013856439
f27825b2c_50,0.011575192
f27825b2c_51,0.0199786
f27825b2c_52,0.02980392
f27825b2c_53,0.00992581
f27825b2c_54,0.008112806
f27825b2c_55,0.05211391
f27825b2c_56,0.0483587
f27825b2c_57,0.0013508685
f27825b2c_58,-0.040541157
f27825b2c_59,0.03126798
f27825b2c_60,-0.01286391
f27825b2c_61,-0.022379193
f27825b2c_62,-0.0014917664
f27825b2c_63,0.00054196734
f27825b2c_64,0.06732018
f27825b2c_65,-0.028061833
f27825b2c_66,-0.02591088
f27825b2c_67,0.04285667
f27825b2c_68,-0.0072929524
f27825b2c_69,0.0028260557
f27825b2c_70,0.07989732
f27825b2c_71,-0.00456536
f27825b2c_72,0.023220833
f27825b2c_73,0.008429699
f27825b2c_74,0.05774902
f27825b2c_75,-0.056761913
f27825b2c_76,-0.022916606
f27825b2c_77,-0.04128866
f27825b2c_78,-0.026935682
f27825b2c_79,0.006103511
f27825b2c_80,-0.0043851947
f27825b2c_81,-0.0018855818
f27825b2c_82,0.013011743
f27825b2c_83,-0.02790268
f27825b2c_84,-0.045369215
f27825b2c_85,-0.008165551
f27825b2c_86,0.026359472
f27825b2c_87,0.04033211
f27825b2c_88,-0.020761011
f27825b2c_89,-0.054198608
f27825b2c_90,-0.00039862096
f27825b2c_91,0.018232726
f27825b2c_92,0.016197503
f27825b2c_93,0.0005530156
f27825b2c_94,-0.041076757
f27825b2c_95,0.0056464877
f27825b2c_96,-0.01624308
f27825b2c_97,0.03332131
f27825b2c_98,-0.05039408
f27825b2c_99,0.040637348
f27825b2c_100,-0.005923316
f27825b2c_101,-0.034255873
f27825b2c_102,-0.03504292
f27825b2c_103,0.01769686
f27825b2c_104,0.04120037
f27825b2c_105,0.061685346
f27825b2c_106,0.07991463
f27825b2c_107,0.04133711
f27825b2c_108,0.077094495
f27825b2c_109,0.01154703
f27825b2c_110,0.042479306
f27825b2c_111,-0.052751042
f27825b2c_112,-0.03259277
f27825b2c_113,-0.02196419
f27825b2c_114,-0.01711487
f27825b2c_115,-0.06610173
f27825b2c_116,-0.024835205
f27825b2c_117,-0.018693646
f27825b2c_118,0.0112626385
f27825b2c_119,-0.09002075
f27825b2c_120,0.05352109
f27825b2c_121,-0.021966398
f27825b2c_122,0.022200288
f27825b2c_123,0.017887542
f27825b2c_124,0.013965927
f27825b2c_125,0.035648506
f27825b2c_126,0.034546345
f27825b2c_127,-6.742271e-33
f27825b2c_128,0.026873644
f27825b2c_129,0.012018035
f27825b2c_130,0.04939016
f27825b2c_131,0.042100135
f27825b2c_132,0.012906376
f27825b2c_133,0.0021718056
f27825b2c_134,0.059110936
f27825b2c_135,0.00033854134
f27825b2c_136,0.015561745
f27825b2c_137,0.027195975
f27825b2c_138,0.084323555
f27825b2c_139,0.05563406
f27825b2c_140,-0.040844783
f27825b2c_141,0.102453746
f27825b2c_142,-0.0557535
f27825b2c_143,-0.0024693292
f27825b2c_144,0.0334143
f27825b2c_145,-0.046235006
f27825b2c_146,-0.056053042
f27825b2c_147,-0.026866343
f27825b2c_148,-0.06537479
f27825b2c_149,-0.05205277
f27825b2c_150,-0.04245766
f27825b2c_151,-0.029540477
f27825b2c_152,-0.011765964
f27825b2c_153,0.062749855
f27825b2c_154,0.014717424
f27825b2c_155,-0.011218827
f27825b2c_156,0.029269505
f27825b2c_157,-0.025989927
f27825b2c_158,0.06334017
f27825b2c_159,0.09121366
f27825b2c_160,0.011975157
f27825b2c_161,-0.03643402
f27825b2c_162,-0.004547327
f27825b2c_163,-0.08145541
f27825b2c_164,-0.048629455
f27825b2c_165,0.007271661
f27825b2c_166,-0.044339415
f27825b2c_167,0.0017634436
f27825b2c_168,0.009432577
f27825b2c_169,0.044479873
f27825b2c_170,-0.0040540006
f27825b2c_171,0.043089803
f27825b2c_172,-0.028740516
f27825b2c_173,-0.042875282
f27825b2c_174,0.030657109
f27825b2c_175,0.07952266
f27825b2c_176,0.022273552
f27825b2c_177,0.01119761
f27825b2c_178,-0.009355746
f27825b2c_179,0.007938347
f27825b2c_180,-0.013126172
f27825b2c_181,-0.05787793
f27825b2c_182,0.007454397
f27825b2c_183,-0.04462051
f27825b2c_184,0.0067488216
f27825b2c_185,-0.022784367
f27825b2c_186,0.0240049
f27825b2c_187,0.028784292
f27825b2c_188,-0.011843973
f27825b2c_189,-0.010033326
f27825b2c_190,0.012623079
f27825b2c_191,0.08407957
f27825b2c_192,-0.06326161
f27825b2c_193,-0.041653223
f27825b2c_194,-0.03621979
f27825b2c_195,-0.026416235
f27825b2c_196,-0.052058727
f27825b2c_197,-0.016466342
f27825b2c_198,-0.018962434
f27825b2c_199,-0.010799916
f27825b2c_200,-0.0015660161
f27825b2c_201,-0.0064412244
f27825b2c_202,-0.018893441
f27825b2c_203,0.0037927637
f27825b2c_204,-0.022109175
f27825b2c_205,0.008628416
f27825b2c_206,-0.09454439
f27825b2c_207,0.02119873
f27825b2c_208,-0.09612567
f27825b2c_209,-0.009207653
f27825b2c_210,0.009032635
f27825b2c_211,-0.02062358
f27825b2c_212,-0.058267243
f27825b2c_213,0.04231689
f27825b2c_214,-0.010960675
f27825b2c_215,-0.03364357
f27825b2c_216,0.08425827
f27825b2c_217,0.0068440223
f27825b2c_218,0.009404015
f27825b2c_219,-0.049289905
f27825b2c_220,0.034182828
f27825b2c_221,0.05663252
f27825b2c_222,-0.04338702
f27825b2c_223,3.3888363e-33
f27825b2c_224,-0.028951108
f27825b2c_225,0.021914756
f27825b2c_226,-0.0033195047
f27825b2c_227,0.014936464
f27825b2c_228,0.06270623
f27825b2c_229,-0.060981177
f27825b2c_230,0.030384392
f27825b2c_231,0.06301286
f27825b2c_232,-0.04247446
f27825b2c_233,0.009695608
f27825b2c_234,0.01879783
f27825b2c_235,0.10661546
f27825b2c_236,0.04145494
f27825b2c_237,-0.004400121
f27825b2c_238,0.028368931
f27825b2c_239,0.06055391
f27825b2c_240,0.031949736
f27825b2c_241,-0.016868295
f27825b2c_242,-0.022992998
f27825b2c_243,0.023179233
f27825b2c_244,0.011597932
f27825b2c_245,0.032659464
f27825b2c_246,0.023784604
f27825b2c_247,-0.088395216
f27825b2c_248,-0.10808859
f27825b2c_249,0.04056982
f27825b2c_250,0.008004913
f27825b2c_251,0.021763038
f27825b2c_252,0.020026898
f27825b2c_253,-0.009554134
f27825b2c_254,-0.07010096
f27825b2c_255,0.0021390282
f27825b2c_256,0.060324978
f27825b2c_257,-0.0019473527
f27825b2c_258,0.02161488
f27825b2c_259,-0.053828888
f27825b2c_260,-0.0028364407
f27825b2c_261,-0.05447176
f27825b2c_262,0.007398964
f27825b2c_263,0.083049454
f27825b2c_264,-0.030543106
f27825b2c_265,0.035554595
f27825b2c_266,0.017057877
f27825b2c_267,-0.014235223
f27825b2c_268,0.021065967
f27825b2c_269,-0.03839364
f27825b2c_270,-0.047943987
f27825b2c_271,-0.036130693
f27825b2c_272,-0.020029323
f27825b2c_273,-0.013368154
f27825b2c_274,-0.049078815
f27825b2c_275,-0.029877873
f27825b2c_276,-0.0114380745
f27825b2c_277,-0.036081217
f27825b2c_278,0.050981045
f27825b2c_279,0.03547562
f27825b2c_280,-0.0834447
f27825b2c_281,0.051697455
f27825b2c_282,0.004500571
f27825b2c_283,0.0047454257
f27825b2c_284,-0.02215949
f27825b2c_285,0.037588324
f27825b2c_286,0.10172086
f27825b2c_287,0.055454515
f27825b2c_288,-0.0091870995
f27825b2c_289,0.108147345
f27825b2c_290,0.009766946
f27825b2c_291,0.015867434
f27825b2c_292,-0.016298654
f27825b2c_293,-0.006821726
f27825b2c_294,-0.015970226
f27825b2c_295,-0.062461123
f27825b2c_296,0.03529449
f27825b2c_297,-0.014581308
f27825b2c_298,-0.027730975
f27825b2c_299,-0.015185758
f27825b2c_300,-0.034042887
f27825b2c_301,-0.039827727
f27825b2c_302,-0.021914057
f27825b2c_303,-0.029858783
f27825b2c_304,-0.05537439
f27825b2c_305,-0.053436153
f27825b2c_306,-0.020352252
f27825b2c_307,-0.03364857
f27825b2c_308,-0.05082267
f27825b2c_309,-0.040203743
f27825b2c_310,-0.0065832715
f27825b2c_311,-0.037707824
f27825b2c_312,-0.03683588
f27825b2c_313,-0.002784185
f27825b2c_314,-0.019837111
f27825b2c_315,0.040423036
f27825b2c_316,-0.010744619
f27825b2c_317,0.02908163
f27825b2c_318,0.014486454
f27825b2c_319,-2.005551e-08
f27825b2c_320,-0.04680346
f27825b2c_321,-0.088869266
f27825b2c_322,0.017504659
f27825b2c_323,-0.044781607
f27825b2c_324,0.05233124
f27825b2c_325,-0.0063987942
f27825b2c_326,-0.006746442
f27825b2c_327,-0.11552285
f27825b2c_328,-0.0023118965
f27825b2c_329,0.025838284
f27825b2c_330,-0.059367426
f27825b2c_331,0.012900907
f27825b2c_332,0.020450596
f27825b2c_333,0.042877547
f27825b2c_334,-0.0013957596
f27825b2c_335,-0.055590414
f27825b2c_336,0.0037385933
f27825b2c_337,-0.014764224
f27825b2c_338,-0.025844835
f27825b2c_339,-0.023304762
f27825b2c_340,-0.021434542
f27825b2c_341,0.012199478
f27825b2c_342,0.016549965
f27825b2c_343,-0.049876973
f27825b2c_344,0.002492775
f27825b2c_345,0.013772261
f27825b2c_346,-0.0061318222
f27825b2c_347,0.04448048
f27825b2c_348,-0.0067567416
f27825b2c_349,0.030588659
f27825b2c_350,0.014419796
f27825b2c_351,0.042251706
f27825b2c_352,0.029937
f27825b2c_353,0.0150225125
f27825b2c_354,0.084857
f27825b2c_355,0.028092526
f27825b2c_356,-0.05102308
f27825b2c_357,0.05144224
f27825b2c_358,0.016175326
f27825b2c_359,-0.07505939
f27825b2c_360,-0.0032957792
f27825b2c_361,-0.038981877
f27825b2c_362,-0.011365406
f27825b2c_363,0.01818515
f27825b2c_364,0.08503197
f27825b2c_365,-0.031465083
f27825b2c_366,-0.0071506985
f27825b2c_367,0.040658023
f27825b2c_368,-0.023804188
f27825b2c_369,0.00084480504
f27825b2c_370,-0.03529462
f27825b2c_371,-0.03185994
f27825b2c_372,0.052482884
f27825b2c_373,-0.032546967
f27825b2c_374,0.06800416
f27825b2c_375,-0.041125774
f27825b2c_376,0.010915988
f27825b2c_377,0.008761683
f27825b2c_378,0.0473261
f27825b2c_379,-0.014420089
f27825b2c_380,0.002439255
f27825b2c_381,-0.029217143
f27825b2c_382,-0.0092908535
f27825b2c_383,-0.01836948
20057f34d_0,0.029997699
20057f34d_1,0.049678206
20057f34d_2,-0.0369171
20057f34d_3,-0.0290315
20057f34d_4,0.018773243
20057f34d_5,-0.057987735
20057f34d_6,0.032602303
20057f34d_7,0.043324456
20057f34d_8,0.122476175
20057f34d_9,-0.0038802847
20057f34d_10,-0.014189884
20057f34d_11,-0.03815876
20057f34d_12,-0.01288486
20057f34d_13,-0.0002264097
20057f34d_14,0.006035
20057f34d_15,-0.01351884
20057f34d_16,-0.092371136
20057f34d_17,-0.025736202
20057f34d_18,0.04177255
20057f34d_19,-0.014616458
20057f34d_20,-0.04592151
20057f34d_21,0.024886018
20057f34d_22,-0.017192144
20057f34d_23,0.066682935
20057f34d_24,-0.05218731
20057f34d_25,0.010251785
20057f34d_26,0.009121902
20057f34d_27,0.025372015
20057f34d_28,-0.049882006
20057f34d_29,-0.046724297
20057f34d_30,-0.011693192
20057f34d_31,0.019119905
20057f34d_32,0.024901668
20057f34d_33,0.029205177
20057f34d_34,-0.009094669
20057f34d_35,0.014703834
20057f34d_36,-0.006940564
20057f34d_37,0.009504734
20057f34d_38,0.05231957
20057f34d_39,-0.0033914223
20057f34d_40,0.0036084987
20057f34d_41,-0.0036905017
20057f34d_42,0.08884704
20057f34d_43,-0.03837067
20057f34d_44,-0.03230682
20057f34d_45,0.062290415
20057f34d_46,0.011998342
20057f34d_47,0.004509254
20057f34d_48,0.01489978
20057f34d_49,-0.07176424
20057f34d_50,-0.014624377
20057f34d_51,-0.08632159
20057f34d_52,-0.10738699
20057f34d_53,-0.044548817
20057f34d_54,0.03790894
20057f34d_55,0.02568129
20057f34d_56,0.028237723
20057f34d_57,-0.09343718
20057f34d_58,0.04046055
20057f34d_59,-0.013838533
20057f34d_60,0.096183814
20057f34d_61,-0.024811493
20057f34d_62,-0.03410027
20057f34d_63,0.041524198
20057f34d_64,0.027277865
20057f34d_65,-0.05826415
20057f34d_66,-0.0038129194
20057f34d_67,-0.10571583
20057f34d_68,-0.0068597402
20057f34d_69,-0.059033446
20057f34d_70,-0.034168728
20057f34d_71,0.03473563
20057f34d_72,-0.019888053
20057f34d_73,-0.15929958
20057f34d_74,-0.016521785
20057f34d_75,0.018460583
20057f34d_76,-0.011281897
20057f34d_77,0.01075491
20057f34d_78,0.024687309
20057f34d_79,-0.02263992
20057f34d_80,0.09559686
20057f34d_81,0.06816809
20057f34d_82,-0.0046224855
20057f34d_83,0.042633228
20057f34d_84,-0.017056154
20057f34d_85,0.022676338
20057f34d_86,0.0032773567
20057f34d_87,0.010909351
20057f34d_88,-0.008852502
20057f34d_89,-0.0636081
20057f34d_90,-0.026038012
20057f34d_91,-0.038592942
20057f34d_92,-0.08513841
20057f34d_93,0.013381628
20057f34d_94,-0.0058540655
20057f34d_95,0.008684131
20057f34d_96,-0.0005212808
20057f34d_97,-0.09047241
20057f34d_98,-0.037425812
20057f34d_99,0.056880392
20057f34d_100,0.07176896
20057f34d_101,0.0015424024
20057f34d_102,-0.013881665
20057f34d_103,-0.026983134
20057f34d_104,0.030260157
20057f34d_105,0.01778366
20057f34d_106,-0.0016631563
20057f34d_107,0.028766735
20057f34d_108,0.027129652
20057f34d_109,-0.0061147846
20057f34d_110,-0.041280564
20057f34d_111,-0.020549417
20057f34d_112,-0.03093858
20057f34d_113,-0.00690939
20057f34d_114,-0.07424058
20057f34d_115,0.000506443
20057f34d_116,0.06688589
20057f34d_117,0.0040826146
20057f34d_118,-0.020738136
20057f34d_119,-0.010889177
20057f34d_120,0.0029474352
20057f34d_121,0.016647646
20057f34d_122,-0.000294324
20057f34d_123,0.026710324
20057f34d_124,0.054690532
20057f34d_125,-0.03539364
20057f34d_126,0.030370997
20057f34d_127,-7.252339e-33
20057f34d_128,0.009410031
20057f34d_129,0.016717948
20057f34d_130,0.019955857
20057f34d_131,-0.038554884
20057f34d_132,-0.0038656555
20057f34d_133,-0.026446948
20057f34d_134,-0.0038977982
20057f34d_135,0.065118626
20057f34d_136,0.057427008
20057f34d_137,0.012472389
20057f34d_138,-0.062915176
20057f34d_139,-0.03574852
20057f34d_140,0.020338457
20057f34d_141,0.022692569
20057f34d_142,0.036464144
20057f34d_143,-0.0199025
20057f34d_144,0.021851962
20057f34d_145,-0.041571043
20057f34d_146,-0.07093453
20057f34d_147,0.0021269163
20057f34d_148,-0.05924775
20057f34d_149,-0.03974235
20057f34d_150,-0.029161923
20057f34d_151,-0.043477062
20057f34d_152,0.029498547
20057f34d_153,0.017507099
20057f34d_154,0.012572415
20057f34d_155,-0.048938844
20057f34d_156,-0.060960338
20057f34d_157,-0.0029486213
20057f34d_158,0.03500898
20057f34d_159,0.01810085
20057f34d_160,0.027965393
20057f34d_161,0.06678196
20057f34d_162,-0.024306267
20057f34d_163,0.010267979
20057f34d_164,0.055726457
20057f34d_165,0.020529713
20057f34d_166,-0.030677162
20057f34d_167,-0.009453196
20057f34d_168,-0.014874769
20057f34d_169,-0.0016639824
20057f34d_170,-0.039002337
20057f34d_171,-0.0016608611
20057f34d_172,0.062323872
20057f34d_173,0.020995228
20057f34d_174,0.0133347325
20057f34d_175,0.014966246
20057f34d_176,-0.0052366443
20057f34d_177,0.03901712
20057f34d_178,-0.017277341
20057f34d_179,0.024987837
20057f34d_180,-0.040139653
20057f34d_181,-0.056302283
20057f34d_182,0.016524605
20057f34d_183,0.03202596
20057f34d_184,-0.007121399
20057f34d_185,-0.019358391
20057f34d_186,-0.071063735
20057f34d_187,0.027531996
20057f34d_188,0.038529083
20057f34d_189,0.007090346
20057f34d_190,-0.024578761
20057f34d_191,0.005947755
20057f34d_192,-0.012072151
20057f34d_193,-0.021105919
20057f34d_194,-0.03508295
20057f34d_195,-0.030857733
20057f34d_196,0.017402867
20057f34d_197,0.0103676
20057f34d_198,-0.01620698
20057f34d_199,-0.015412418
20057f34d_200,0.08909573
20057f34d_201,0.03962359
20057f34d_202,-0.06672264
20057f34d_203,-0.018590108
20057f34d_204,-0.033578128
20057f34d_205,0.0148041
20057f34d_206,0.05746094
20057f34d_207,0.07866961
20057f34d_208,0.0010143594
20057f34d_209,0.0034686644
20057f34d_210,0.0376723
20057f34d_211,-0.054458328
20057f34d_212,0.0062422985
20057f34d_213,-0.010342188
20057f34d_214,0.036299977
20057f34d_215,-0.011392749
20057f34d_216,0.024618067
20057f34d_217,-0.053770266
20057f34d_218,-0.07133074
20057f34d_219,-0.007922193
20057f34d_220,0.049325664
20057f34d_221,-0.026467212
20057f34d_222,0.019947728
20057f34d_223,3.75979e-33
20057f34d_224,-0.051545195
20057f34d_225,0.012926955
20057f34d_226,-0.014928749
20057f34d_227,0.015324717
20057f34d_228,0.015274533
20057f34d_229,-0.017040888
20057f34d_230,0.021013025
20057f34d_231,0.0379444
20057f34d_232,-0.10522946
20057f34d_233,0.06493457
20057f34d_234,-0.062229633
20057f34d_235,0.077899754
20057f34d_236,0.08816674
20057f34d_237,0.026770111
20057f34d_238,0.072664134
20057f34d_239,-0.044690676
20057f34d_240,-0.020350194
20057f34d_241,-0.020533688
20057f34d_242,-0.042709555
20057f34d_243,0.049196165
20057f34d_244,0.03953581
20057f34d_245,-0.034634724
20057f34d_246,0.015925353
20057f34d_247,-0.05980222
20057f34d_248,0.021419302
20057f34d_249,0.053298503
20057f34d_250,0.06265945
20057f34d_251,-0.052741356
20057f34d_252,-0.06369869
20057f34d_253,0.030361319
20057f34d_254,-0.07922174
20057f34d_255,-0.029839415
20057f34d_256,0.0416623
20057f34d_257,-0.006057102
20057f34d_258,-0.06601604
20057f34d_259,-0.0020626914
20057f34d_260,0.044263735
20057f34d_261,-0.07553286
20057f34d_262,-0.08063884
20057f34d_263,-0.04500799
20057f34d_264,0.0032641338
20057f34d_265,0.07560505
20057f34d_266,0.07886715
20057f34d_267,0.015594952
20057f34d_268,0.0019899665
20057f34d_269,-0.078772746
20057f34d_270,0.041982513
20057f34d_271,0.094516486
20057f34d_272,-0.0011396818
20057f34d_273,0.0013519371
20057f34d_274,-0.070773944
20057f34d_275,-0.008509612
20057f34d_276,0.03730903
20057f34d_277,0.015445409
20057f34d_278,0.056698356
20057f34d_279,0.03240882
20057f34d_280,-0.073148005
20057f34d_281,-0.0015641265
20057f34d_282,0.031199168
20057f34d_283,0.014597563
20057f34d_284,-0.022987498
20057f34d_285,0.005566735
20057f34d_286,-0.011758706
20057f34d_287,0.029638361
20057f34d_288,0.04424531
20057f34d_289,-0.00033249706
20057f34d_290,0.0066322107
20057f34d_291,0.08061329
20057f34d_292,-0.09161195
20057f34d_293,0.1128837
20057f34d_294,0.0068328483
20057f34d_295,0.020262029
20057f34d_296,-0.023374889
20057f34d_297,-0.05549599
20057f34d_298,0.033975393
20057f34d_299,0.059284896
20057f34d_300,0.040783994
20057f34d_301,0.015186232
20057f34d_302,0.0041727284
20057f34d_303,0.03761917
20057f34d_304,-0.0071616527
20057f34d_305,-0.022616385
20057f34d_306,0.023585465
20057f34d_307,0.019404586
20057f34d_308,0.07364149
20057f34d_309,-0.052207984
20057f34d_310,-0.06397834
20057f34d_311,-0.041344546
20057f34d_312,-0.030946322
20057f34d_313,0.016263735
20057f34d_314,-0.03232037
20057f34d_315,0.03272723
20057f34d_316,-0.06172857
20057f34d_317,-0.030648353
20057f34d_318,0.03806464
20057f34d_319,-1.6750864e-08
20057f34d_320,-0.0057731997
20057f34d_321,0.030767241
20057f34d_322,-0.053306505
20057f34d_323,-0.0059008375
20057f34d_324,0.024067748
20057f34d_325,-0.010252351
20057f34d_326,0.096054524
20057f34d_327,-0.045727603
20057f34d_328,-0.006834142
20057f34d_329,-0.054650355
20057f34d_330,-0.059366092
20057f34d_331,0.003644499
20057f34d_332,-0.04747741
20057f34d_333,0.057853267
20057f34d_334,-0.01270914
20057f34d_335,0.018802593
20057f34d_336,-0.03994443
20057f34d_337,0.020673187
20057f34d_338,-0.00085278135
20057f34d_339,0.042539246
20057f34d_340,0.009104686
20057f34d_341,0.010279177
20057f34d_342,-0.003816246
20057f34d_343,-0.048222046
20057f34d_344,-0.024719793
20057f34d_345,0.04458054
20057f34d_346,-0.018287506
20057f34d_347,0.016794346
20057f34d_348,-0.017116727
20057f34d_349,0.018001415
20057f34d_350,0.007659725
20057f34d_351,0.03549145
20057f34d_352,7.233629e-05
20057f34d_353,-0.0172503
20057f34d_354,-0.03287189
20057f34d_355,-0.025021337
20057f34d_356,-0.013185258
20057f34d_357,0.060279965
20057f34d_358,-0.04682008
20057f34d_359,-0.01851639
20057f34d_360,0.034662038
20057f34d_361,-0.015847504
20057f34d_362,0.043939114
20057f34d_363,0.0049807727
20057f34d_364,0.024996296
20057f34d_365,0.087408334
20057f34d_366,0.024596788
20057f34d_367,-0.022887332
20057f34d_368,-0.03532277
20057f34d_369,0.0029272577
20057f34d_370,-0.024719836
20057f34d_371,-0.0039745374
20057f34d_372,0.043220583
20057f34d_373,0.037305657
20057f34d_374,0.053975724
20057f34d_375,0.027015748
20057f34d_376,0.092455745
20057f34d_377,-0.075612314
20057f34d_378,-0.04853775
20057f34d_379,0.048875026
20057f34d_380,-0.03553166
20057f34d_381,0.016023567
20057f34d_382,-0.005569442
20057f34d_383,0.0048494325
d8edf2e40_0,0.020047104
d8edf2e40_1,0.029626656
d8edf2e40_2,0.014861785
d8edf2e40_3,0.020275678
d8edf2e40_4,-0.022995522
d8edf2e40_5,0.010887061
d8edf2e40_6,0.14073372
d8edf2e40_7,0.055205025
d8edf2e40_8,-0.049131088
d8edf2e40_9,0.02791515
d8edf2e40_10,0.020890538
d8edf2e40_11,-0.0079821525
d8edf2e40_12,-0.029413426
d8edf2e40_13,0.048049007
d8edf2e40_14,0.014605215
d8edf2e40_15,-0.004965581
d8edf2e40_16,0.016258582
d8edf2e40_17,0.08223109
d8edf2e40_18,0.033498183
d8edf2e40_19,0.05072026
d8edf2e40_20,0.02320458
d8edf2e40_21,0.042112395
d8edf2e40_22,-0.06569755
d8edf2e40_23,0.03180762
d8edf2e40_24,-0.044534795
d8edf2e40_25,0.0014596649
d8edf2e40_26,0.07454494
d8edf2e40_27,0.01992704
d8edf2e40_28,-0.026507234
d8edf2e40_29,0.013924992
d8edf2e40_30,-0.007705449
d8edf2e40_31,0.0064491993
d8edf2e40_32,0.026637327
d8edf2e40_33,-8.881092e-06
d8edf2e40_34,-0.02718592
d8edf2e40_35,0.034924928
d8edf2e40_36,0.014714288
d8edf2e40_37,-0.046043225
d8edf2e40_38,-0.022042183
d8edf2e40_39,0.035489235
d8edf2e40_40,-0.018201955
d8edf2e40_41,-0.038987406
d8edf2e40_42,-0.002906866
d8edf2e40_43,0.046535946
d8edf2e40_44,0.05046584
d8edf2e40_45,0.028429553
d8edf2e40_46,0.04660274
d8edf2e40_47,-0.014235404
d8edf2e40_48,0.049655296
d8edf2e40_49,0.004382914
d8edf2e40_50,-0.03292863
d8edf2e40_51,0.0073830932
d8edf2e40_52,0.018920306
d8edf2e40_53,0.030942265
d8edf2e40_54,0.03308228
d8edf2e40_55,-0.030370764
d8edf2e40_56,-0.008178303
d8edf2e40_57,0.020470547
d8edf2e40_58,-0.048990194
d8edf2e40_59,-0.07574142
d8edf2e40_60,0.033968028
d8edf2e40_61,-0.02982034
d8edf2e40_62,-0.008673306
d8edf2e40_63,-0.012472758
d8edf2e40_64,0.013577806
d8edf2e40_65,-0.038095057
d8edf2e40_66,-0.054939356
d8edf2e40_67,-0.07029699
d8edf2e40_68,0.07767457
d8edf2e40_69,-0.011943188
d8edf2e40_70,0.027823595
d8edf2e40_71,-0.017160747
d8edf2e40_72,-0.070308596
d8edf2e40_73,-0.029172918
d8edf2e40_74,-0.0034986148
d8edf2e40_75,-0.04304089
d8edf2e40_76,0.02336961
d8edf2e40_77,0.053098835
d8edf2e40_78,0.05671262
d8edf2e40_79,0.061941892
d8edf2e40_80,0.06278279
d8edf2e40_81,-0.010675002
d8edf2e40_82,-0.0480421
d8edf2e40_83,-0.03344144
d8edf2e40_84,-0.024531541
d8edf2e40_85,-0.030959724
d8edf2e40_86,0.001060823
d8edf2e40_87,0.030311678
d8edf2e40_88,-0.03971383
d8edf2e40_89,0.008987536
d8edf2e40_90,-0.003442932
d8edf2e40_91,-0.008781988
d8edf2e40_92,0.004402362
d8edf2e40_93,-0.06280213
d8edf2e40_94,-0.040416192
d8edf2e40_95,-0.014547529
d8edf2e40_96,-0.08501896
d8edf2e40_97,0.027578155
d8edf2e40_98,-0.007886922
d8edf2e40_99,0.025436195
d8edf2e40_100,-0.017372366
d8edf2e40_101,-0.011506076
d8edf2e40_102,0.008796089
d8edf2e40_103,0.108165175
d8edf2e40_104,0.048456147
d8edf2e40_105,-0.020580756
d8edf2e40_106,0.08870934
d8edf2e40_107,0.0058729127
d8edf2e40_108,0.019825071
d8edf2e40_109,-0.001045364
d8edf2e40_110,-0.024066405
d8edf2e40_111,-0.02302722
d8edf2e40_112,-0.012633871
d8edf2e40_113,0.039196007
d8edf2e40_114,0.03923043
d8edf2e40_115,0.014668909
d8edf2e40_116,-0.10931717
d8edf2e40_117,0.027958846
d8edf2e40_118,0.011428082
d8edf2e40_119,0.03074941
d8edf2e40_120,-0.026669532
d8edf2e40_121,-0.027926102
d8edf2e40_122,0.025322635
d8edf2e40_123,0.020382324
d8edf2e40_124,-0.027493687
d8edf2e40_125,-0.017947817
d8edf2e40_126,0.09056701
d8edf2e40_127,-7.496128e-33
d8edf2e40_128,0.024083214
d8edf2e40_129,-0.00301194
d8edf2e40_130,0.08357901
d8edf2e40_131,0.04754883
d8edf2e40_132,0.015575791
d8edf2e40_133,0.040378403
d8edf2e40_134,-0.013825903
d8edf2e40_135,0.0039952477
d8edf2e40_136,0.0051213615
d8edf2e40_137,-0.014380918
d8edf2e40_138,0.0042615724
d8edf2e40_139,-0.008160197
d8edf2e40_140,-0.00094637275
d8edf2e40_141,0.12951462
d8edf2e40_142,-0.06616308
d8edf2e40_143,0.015725223
d8edf2e40_144,0.011487536
d8edf2e40_145,0.0014483482
d8edf2e40_146,-0.024501123
d8edf2e40_147,-0.014155949
d8edf2e40_148,0.029640343
d8edf2e40_149,-0.019783307
d8edf2e40_150,-0.021986734
d8edf2e40_151,-0.010465647
d8edf2e40_152,0.06308092
d8edf2e40_153,0.027002119
d8edf2e40_154,0.016162403
d8edf2e40_155,0.009970302
d8edf2e40_156,0.029343233
d8edf2e40_157,-0.015705246
d8edf2e40_158,-0.082848236
d8edf2e40_159,0.0739067
d8edf2e40_160,-0.022587724
d8edf2e40_161,0.0043026167
d8edf2e40_162,-0.051968303
d8edf2e40_163,0.011065058
d8edf2e40_164,-0.051641874
d8edf2e40_165,0.021562722
d8edf2e40_166,-0.045365486
d8edf2e40_167,0.00031153858
d8edf2e40_168,-0.05868805
d8edf2e40_169,-0.036372904
d8edf2e40_170,0.006071448
d8edf2e40_171,0.016189959
d8edf2e40_172,-0.02952785
d8edf2e40_173,-0.024645114
d8edf2e40_174,0.090379275
d8edf2e40_175,-0.064987935
d8edf2e40_176,0.07284581
d8edf2e40_177,0.061730668
d8edf2e40_178,-0.015469841
d8edf2e40_179,-0.008329218
d8edf2e40_180,-0.016489152
d8edf2e40_181,-0.03884057
d8edf2e40_182,0.039480202
d8edf2e40_183,-0.055773042
d8edf2e40_184,0.011882544
d8edf2e40_185,0.0633892
d8edf2e40_186,-0.022094129
d8edf2e40_187,0.017859617
d8edf2e40_188,-0.078737155
d8edf2e40_189,0.005483127
d8edf2e40_190,0.047762282
d8edf2e40_191,0.036717094
d8edf2e40_192,0.06976028
d8edf2e40_193,-0.05904118
d8edf2e40_194,-0.026882224
d8edf2e40_195,-0.02482473
d8edf2e40_196,-0.06667806
d8edf2e40_197,0.04027331
d8edf2e40_198,-0.023443818
d8edf2e40_199,0.057680175
d8edf2e40_200,-0.0073396172
d8edf2e40_201,-0.042638592
d8edf2e40_202,-0.03825948
d8edf2e40_203,-0.015482035
d8edf2e40_204,-0.056602906
d8edf2e40_205,-0.028067552
d8edf2e40_206,-0.082303435
d8edf2e40_207,-0.02517111
d8edf2e40_208,-0.08868136
d8edf2e40_209,0.025426008
d8edf2e40_210,0.041885104
d8edf2e40_211,-0.01588567
d8edf2e40_212,0.015866458
d8edf2e40_213,0.04104299
d8edf2e40_214,-0.01718685
d8edf2e40_215,0.037038952
d8edf2e40_216,0.04486142
d8edf2e40_217,-0.047358077
d8edf2e40_218,-0.009062141
d8edf2e40_219,-0.042643975
d8edf2e40_220,-0.057712145
d8edf2e40_221,0.022801178
d8edf2e40_222,-0.0061446126
d8edf2e40_223,3.4541174e-33
d8edf2e40_224,0.009087231
d8edf2e40_225,-0.01496334
d8edf2e40_226,0.05903085
d8edf2e40_227,-0.008697049
d8edf2e40_228,0.021872912
d8edf2e40_229,-0.009517264
d8edf2e40_230,0.014136449
d8edf2e40_231,0.06470851
d8edf2e40_232,-0.038407337
d8edf2e40_233,0.012615018
d8edf2e40_234,-0.011631137
d8edf2e40_235,0.030665534
d8edf2e40_236,0.098848864
d8edf2e40_237,-0.016271558
d8edf2e40_238,0.07174716
d8edf2e40_239,0.074099675
d8edf2e40_240,-0.014301047
d8edf2e40_241,-0.045151494
d8edf2e40_242,-0.010574492
d8edf2e40_243,0.087361105
d8edf2e40_244,0.020320807
d8edf2e40_245,-0.014280752
d8edf2e40_246,0.007838668
d8edf2e40_247,-0.029396357
d8edf2e40_248,-0.1135952
d8edf2e40_249,-0.011555281
d8edf2e40_250,0.104532406
d8edf2e40_251,0.0041868417
d8edf2e40_252,0.0048049483
d8edf2e40_253,-0.027336346
d8edf2e40_254,-0.02609387
d8edf2e40_255,0.05982548
d8edf2e40_256,-0.030437963
d8edf2e40_257,-0.013700234
d8edf2e40_258,-0.0016987191
d8edf2e40_259,0.01079123
d8edf2e40_260,-0.07384518
d8edf2e40_261,0.04295901
d8edf2e40_262,-0.04719411
d8edf2e40_263,0.035510223
d8edf2e40_264,0.009503119
d8edf2e40_265,0.05333234
d8edf2e40_266,0.09868931
d8edf2e40_267,0.0023216018
d8edf2e40_268,0.0634084
d8edf2e40_269,-0.10798547
d8edf2e40_270,-0.025112139
d8edf2e40_271,-0.0279246
d8edf2e40_272,-0.03692192
d8edf2e40_273,0.036315337
d8edf2e40_274,-0.016143663
d8edf2e40_275,-0.059349027
d8edf2e40_276,-0.02904808
d8edf2e40_277,0.013551123
d8edf2e40_278,0.01601319
d8edf2e40_279,0.007060038
d8edf2e40_280,-0.12736955
d8edf2e40_281,0.028837653
d8edf2e40_282,0.037167665
d8edf2e40_283,0.009075278
d8edf2e40_284,0.056292146
d8edf2e40_285,0.007758186
d8edf2e40_286,0.06229369
d8edf2e40_287,-0.027986813
d8edf2e40_288,-0.059659235
d8edf2e40_289,-0.016557371
d8edf2e40_290,-0.061480813
d8edf2e40_291,0.039606225
d8edf2e40_292,-0.058121253
d8edf2e40_293,0.076402225
d8edf2e40_294,0.0906384
d8edf2e40_295,-0.10377153
d8edf2e40_296,-0.016019115
d8edf2e40_297,-0.006626813
d8edf2e40_298,0.030661725
d8edf2e40_299,-0.037891977
d8edf2e40_300,0.056158084
d8edf2e40_301,0.04998178
d8edf2e40_302,0.054946847
d8edf2e40_303,-0.01007517
d8edf2e40_304,0.015309276
d8edf2e40_305,-0.035395235
d8edf2e40_306,0.01955558
d8edf2e40_307,0.023698691
d8edf2e40_308,-0.02380275
d8edf2e40_309,0.033213954
d8edf2e40_310,-0.0662147
d8edf2e40_311,0.029670905
d8edf2e40_312,-0.019470675
d8edf2e40_313,0.0751291
d8edf2e40_314,-0.060782522
d8edf2e40_315,0.025778068
d8edf2e40_316,-0.0077708843
d8edf2e40_317,0.03291889
d8edf2e40_318,-0.066505715
d8edf2e40_319,-1.757118e-08
d8edf2e40_320,-0.07331588
d8edf2e40_321,-0.034388702
d8edf2e40_322,-0.009361079
d8edf2e40_323,-0.036626637
d8edf2e40_324,-0.022665752
d8edf2e40_325,0.0351473
d8edf2e40_326,0.0073006228
d8edf2e40_327,-0.069757834
d8edf2e40_328,0.019595081
d8edf2e40_329,-0.01222709
d8edf2e40_330,-0.07459619
d8edf2e40_331,0.008839421
d8edf2e40_332,0.04541759
d8edf2e40_333,0.037393436
d8edf2e40_334,-0.0030369442
d8edf2e40_335,-0.007871779
d8edf2e40_336,-0.04980076
d8edf2e40_337,0.052139476
d8edf2e40_338,-0.011663921
d8edf2e40_339,-0.00057617575
d8edf2e40_340,-0.014383767
d8edf2e40_341,-0.015298221
d8edf2e40_342,0.018459339
d8edf2e40_343,0.015351634
d8edf2e40_344,0.027722012
d8edf2e40_345,0.028883887
d8edf2e40_346,0.007604109
d8edf2e40_347,0.06883342
d8edf2e40_348,-0.04364128
d8edf2e40_349,0.03405956
d8edf2e40_350,0.008772751
d8edf2e40_351,0.025319446
d8edf2e40_352,-0.044243712
d8edf2e40_353,0.008498162
d8edf2e40_354,0.016160298
d8edf2e40_355,0.009794425
d8edf2e40_356,0.118575335
d8edf2e40_357,0.010795241
d8edf2e40_358,0.01303125
d8edf2e40_359,-0.052209925
d8edf2e40_360,0.0015034387
d8edf2e40_361,-0.017056214
d8edf2e40_362,-0.03696613
d8edf2e40_363,-0.014855859
d8edf2e40_364,-0.04118299
d8edf2e40_365,-0.042033218
d8edf2e40_366,0.06025354
d8edf2e40_367,-0.052425526
d8edf2e40_368,-0.04426218
d8edf2e40_369,0.027648833
d8edf2e40_370,0.006929953
d8edf2e40_371,-0.08840104
d8edf2e40_372,-0.041960806
d8edf2e40_373,0.03533647
d8edf2e40_374,-0.032080784
d8edf2e40_375,0.011500973
d8edf2e40_376,-0.01955525
d8edf2e40_377,0.0013046805
d8edf2e40_378,-0.04651693
d8edf2e40_379,-0.013216796
d8edf2e40_380,-0.13802275
d8edf2e40_381,-0.06431715
d8edf2e40_382,-0.035562098
d8edf2e40_383,-0.0048468485
92e911621_0,-0.060302638
92e911621_1,0.055957016
92e911621_2,0.027398702
92e911621_3,0.023708824
92e911621_4,-0.022930827
92e911621_5,-0.050871868
92e911621_6,0.023321688
92e911621_7,0.03469304
92e911621_8,-0.05549459
92e911621_9,0.0075974083
92e911621_10,-0.040025044
92e911621_11,-0.051394776
92e911621_12,-0.054336887
92e911621_13,0.05851771
92e911621_14,-0.0504191
92e911621_15,0.0029857294
92e911621_16,0.014279152
92e911621_17,0.04482396
92e911621_18,0.09571793
92e911621_19,0.018855873
92e911621_20,0.047894284
92e911621_21,0.035508577
92e911621_22,0.04677455
92e911621_23,0.058958508
92e911621_24,0.038456738
92e911621_25,0.017540367
92e911621_26,0.038546078
92e911621_27,0.0032970435
92e911621_28,-0.009375453
92e911621_29,-0.005394509
92e911621_30,-0.0149447685
92e911621_31,-0.090253435
92e911621_32,0.0028473425
92e911621_33,-0.03896414
92e911621_34,0.0049518673
92e911621_35,0.0070533124
92e911621_36,0.044856116
92e911621_37,-0.026522573
92e911621_38,0.048149616
92e911621_39,0.030330438
92e911621_40,-0.007155859
92e911621_41,0.020306995
92e911621_42,0.0040092585
92e911621_43,0.035035335
92e911621_44,-0.07393665
92e911621_45,-0.0112874275
92e911621_46,-0.08825366
92e911621_47,0.06667264
92e911621_48,0.0017632167
92e911621_49,-0.05607102
92e911621_50,-0.058320843
92e911621_51,-0.07070046
92e911621_52,-0.045138434
92e911621_53,-0.09024997
92e911621_54,-0.0046214135
92e911621_55,-0.0016970987
92e911621_56,0.012279609
92e911621_57,-0.057764832
92e911621_58,-0.013851773
92e911621_59,-0.06953286
92e911621_60,0.0625018
92e911621_61,-0.02124284
92e911621_62,0.046669893
92e911621_63,0.052482028
92e911621_64,0.018236171
92e911621_65,-0.023998462
92e911621_66,0.007719851
92e911621_67,-0.02034526
92e911621_68,-0.06750974
92e911621_69,0.05313348
92e911621_70,-0.011213326
92e911621_71,-0.015131054
92e911621_72,0.0042974683
92e911621_73,-0.053395048
92e911621_74,-0.028166372
92e911621_75,-0.0808858
92e911621_76,0.058691114
92e911621_77,-0.10886246
92e911621_78,-0.03284222
92e911621_79,0.03362667
92e911621_80,-0.0202445
92e911621_81,0.021789784
92e911621_82,-0.016242236
92e911621_83,-0.084523104
92e911621_84,0.042716935
92e911621_85,0.018016739
92e911621_86,0.0013727751
92e911621_87,0.028845247
92e911621_88,-0.07213444
92e911621_89,-0.006429182
92e911621_90,-0.041688196
92e911621_91,-0.047918696
92e911621_92,0.0026869006
92e911621_93,-0.04107718
92e911621_94,0.03523638
92e911621_95,0.022729332
92e911621_96,-0.022470284
92e911621_97,-0.06684144
92e911621_98,0.029499095
92e911621_99,0.06729324
92e911621_100,0.004371654
92e911621_101,-0.008033099
92e911621_102,-0.018972272
92e911621_103,-0.0295427
92e911621_104,0.01563844
92e911621_105,0.0024079587
92e911621_106,-0.054737538
92e911621_107,0.0042131
92e911621_108,0.059776984
92e911621_109,0.047944702
92e911621_110,-0.053823564
92e911621_111,0.07265928
92e911621_112,0.01744462
92e911621_113,0.035400722
92e911621_114,-0.09711908
92e911621_115,-0.054358087
92e911621_116,-0.035925306
92e911621_117,-0.058529258
92e911621_118,0.029925935
92e911621_119,0.06113548
92e911621_120,0.0012108576
92e911621_121,0.009896872
92e911621_122,-0.05304919
92e911621_123,0.07448706
92e911621_124,0.035466615
92e911621_125,-0.06013684
92e911621_126,0.0430334
92e911621_127,-5.703467e-33
92e911621_128,0.014376914
92e911621_129,-0.058319513
92e911621_130,0.020518526
92e911621_131,-0.08858582
92e911621_132,0.13921174
92e911621_133,0.03590756
92e911621_134,-0.010631516
92e911621_135,0.03126066
92e911621_136,-0.016158305
92e911621_137,0.057044383
92e911621_138,-0.05368199
92e911621_139,-0.13279557
92e911621_140,-0.0039990474
92e911621_141,0.04609915
92e911621_142,-0.035231236
92e911621_143,0.020219322
92e911621_144,-0.06451988
92e911621_145,0.09648301
92e911621_146,-0.019341629
92e911621_147,0.037988394
92e911621_148,-0.060957916
92e911621_149,0.06625339
92e911621_150,0.018484615
92e911621_151,0.024271619
92e911621_152,-0.014274841
92e911621_153,0.026368909
92e911621_154,-0.1441786
92e911621_155,-0.04679206
92e911621_156,-0.0030341202
92e911621_157,0.015275214
92e911621_158,0.03928695
92e911621_159,-0.08282136
92e911621_160,-0.109585874
92e911621_161,0.020478008
92e911621_162,0.016575895
92e911621_163,-0.077309236
92e911621_164,0.0003837156
92e911621_165,-0.095199324
92e911621_166,-0.068110034
92e911621_167,0.006395733
92e911621_168,0.037588675
92e911621_169,0.020387981
92e911621_170,0.0124601
92e911621_171,0.018209066
92e911621_172,-0.07320185
92e911621_173,0.014903098
92e911621_174,0.072504304
92e911621_175,0.06682965
92e911621_176,-0.06384392
92e911621_177,0.010514131
92e911621_178,0.036446735
92e911621_179,0.0003784292
92e911621_180,-0.007355701
92e911621_181,-0.04808268
92e911621_182,-0.04900372
92e911621_183,-0.034944534
92e911621_184,0.040209234
92e911621_185,-0.0335745
92e911621_186,0.029474944
92e911621_187,-0.027027436
92e911621_188,0.11134401
92e911621_189,0.038920216
92e911621_190,0.04621488
92e911621_191,-0.0492389
92e911621_192,0.0016515229
92e911621_193,-0.024853759
92e911621_194,-0.022750843
92e911621_195,0.0070433756
92e911621_196,0.06651268
92e911621_197,0.011474401
92e911621_198,0.0013987604
92e911621_199,-0.13898043
92e911621_200,-0.020226728
92e911621_201,-0.05998993
92e911621_202,-0.0211142
92e911621_203,-0.0018663355
92e911621_204,0.00077175256
92e911621_205,-0.051807866
92e911621_206,-0.044743817
92e911621_207,0.030782517
92e911621_208,0.0716342
92e911621_209,-0.0680292
92e911621_210,0.024097936
92e911621_211,-0.107486665
92e911621_212,-0.044221446
92e911621_213,0.105696276
92e911621_214,-0.0040237247
92e911621_215,-0.1143236
92e911621_216,0.09299877
92e911621_217,0.08548299
92e911621_218,-0.033872604
92e911621_219,-0.077154204
92e911621_220,-0.029930595
92e911621_221,-0.039661795
92e911621_222,0.00729183
92e911621_223,2.4705811e-33
92e911621_224,-0.03676028
92e911621_225,0.029017765
92e911621_226,0.029589174
92e911621_227,0.00693724
92e911621_228,-0.040687285
92e911621_229,-0.077593826
92e911621_230,-0.084333
92e911621_231,0.08357668
92e911621_232,-0.0057677715
92e911621_233,-0.04699383
92e911621_234,0.01815847
92e911621_235,-0.030048449
92e911621_236,0.023387827
92e911621_237,-0.020021254
92e911621_238,0.070291236
92e911621_239,0.07486437
92e911621_240,0.09052801
92e911621_241,0.022745574
92e911621_242,0.036374733
92e911621_243,0.027525056
92e911621_244,-0.016151845
92e911621_245,-0.020249983
92e911621_246,-0.03275575
92e911621_247,0.048744503
92e911621_248,-0.00025522325
92e911621_249,0.079210326
92e911621_250,0.055716306
92e911621_251,-0.02459944
92e911621_252,-0.008048987
92e911621_253,-0.023708325
92e911621_254,-0.02844613
92e911621_255,-0.01669334
92e911621_256,0.040522326
92e911621_257,-0.03606978
92e911621_258,0.024751242
92e911621_259,0.046481296
92e911621_260,-0.049332544
92e911621_261,-0.065819845
92e911621_262,0.01292508
92e911621_263,-0.021240758
92e911621_264,0.08285232
92e911621_265,0.043258585
92e911621_266,0.02401126
92e911621_267,0.1459224
92e911621_268,0.0016857289
92e911621_269,-0.046828143
92e911621_270,0.012326881
92e911621_271,0.04213723
92e911621_272,0.014651208
92e911621_273,0.017263692
92e911621_274,0.010380831
92e911621_275,0.045277968
92e911621_276,0.060026154
92e911621_277,-0.08330284
92e911621_278,0.03877931
92e911621_279,0.015828796
92e911621_280,-0.08401525
92e911621_281,-0.035140354
92e911621_282,0.039166078
92e911621_283,0.016420662
92e911621_284,-0.029676013
92e911621_285,-0.0039751655
92e911621_286,-0.09942049
92e911621_287,0.012456507
92e911621_288,0.047491968
92e911621_289,0.06271358
92e911621_290,-0.091898665
92e911621_291,0.025448535
92e911621_292,-0.017517366
92e911621_293,0.062815264
92e911621_294,-0.020133741
92e911621_295,0.0734459
92e911621_296,0.02220129
92e911621_297,0.0119228605
92e911621_298,-0.047453735
92e911621_299,0.006177184
92e911621_300,-0.0207774
92e911621_301,-0.034032572
92e911621_302,0.026892621
92e911621_303,0.033503577
92e911621_304,-0.08325507
92e911621_305,-0.05195453
92e911621_306,0.05017043
92e911621_307,0.025018487
92e911621_308,0.008170903
92e911621_309,-0.005477158
92e911621_310,-0.038209353
92e911621_311,0.043398097
92e911621_312,-0.07957183
92e911621_313,-0.032438364
92e911621_314,-0.010662527
92e911621_315,-0.008905802
92e911621_316,0.06666644
92e911621_317,0.07874093
92e911621_318,0.05455509
92e911621_319,-1.5669427e-08
92e911621_320,0.0976529
92e911621_321,-0.0064996006
92e911621_322,0.021105168
92e911621_323,-0.017874291
92e911621_324,0.04504382
92e911621_325,-0.019297052
92e911621_326,-0.004868864
92e911621_327,-0.06273716
92e911621_328,-0.031496096
92e911621_329,0.017990261
92e911621_330,-0.013785143
92e911621_331,0.11418654
92e911621_332,0.0352771
92e911621_333,0.057494085
92e911621_334,0.013395926
92e911621_335,0.07496695
92e911621_336,0.008465278
92e911621_337,-0.069264196
92e911621_338,-0.02699751
92e911621_339,0.02845693
92e911621_340,-0.034073945
92e911621_341,0.011512808
92e911621_342,-0.027963594
92e911621_343,-0.04832211
92e911621_344,-0.0010487954
92e911621_345,0.07478971
92e911621_346,0.00852822
92e911621_347,0.09166376
92e911621_348,0.0893725
92e911621_349,0.027486421
92e911621_350,0.039601587
92e911621_351,0.02937975
92e911621_352,-0.07319254
92e911621_353,0.004730517
92e911621_354,0.056187928
92e911621_355,-0.015208893
92e911621_356,-0.11745264
92e911621_357,0.0002779821
92e911621_358,0.010219796
92e911621_359,-0.12074579
92e911621_360,0.030517386
92e911621_361,0.0013579116
92e911621_362,0.07758993
92e911621_363,0.05215631
92e911621_364,-0.030860366
92e911621_365,0.07137434
92e911621_366,-0.014586393
92e911621_367,-0.006955006
92e911621_368,-0.03517611
92e911621_369,-0.0009725746
92e911621_370,0.019628378
92e911621_371,0.012481723
92e911621_372,-0.022905994
92e911621_373,0.058769017
92e911621_374,0.019377824
92e911621_375,-0.08528296
92e911621_376,0.07841001
92e911621_377,-0.0032576947
92e911621_378,-0.0734366
92e911621_379,0.011760522
92e911621_380,0.06051955
92e911621_381,0.053708255
92e911621_382,0.048090518
92e911621_383,-0.018828072
